file_name,class
t_000
t_001
t_002
t_003
t_004
t_005
t_006
t_007
t_008
t_009
t_010
t_011
t_012
t_013
t_014
t_015
t_016
t_017
t_018
t_019
t_020
t_021
t_022
t_023
t_024
t_025
t_026
t_027
t_028
t_029
t_030
t_031
t_032
t_033
t_034
t_035
t_036
t_037
t_038
t_039
t_040
t_041
t_042
t_043
t_044
t_045
t_046
t_047
t_048
t_049
t_050
t_051
t_052
t_053
t_054
t_055
t_056
t_057
t_058
t_059
t_060
t_061
t_062
t_063
t_064
t_065
t_066
t_067
t_068
t_069
t_070
t_071
t_072
t_073
t_074
t_075
t_076
t_077
t_078
t_079
t_080
t_081
t_082
t_083
t_084
t_085
t_086
t_087
t_088
t_089
t_090
t_091
t_092
t_093
t_094
t_095
t_096
t_097
t_098
t_099
t_100
t_101
t_102
t_103
t_104
t_105
t_106
t_107
t_108
t_109
t_110
t_111
t_112
t_113
t_114
t_115
t_116
t_117
t_118
t_119
t_120
t_121
t_122
t_123
t_124
t_125
t_126
t_127
t_128
t_129
t_130
t_131
t_132
t_133
t_134
t_135
t_136
t_137
t_138
t_139
t_140
t_141
t_142
t_143
t_144
t_145
t_146
t_147
t_148
t_149
t_150
t_151
t_152
t_153
t_154
t_155
t_156
t_157
t_158
t_159
t_160
t_161
t_162
t_163
t_164
t_165
t_166
t_167
t_168
t_169
t_170
t_171
t_172
t_173
t_174
t_175
t_176
t_177
t_178
t_179
t_180
t_181
t_182
t_183
t_184
t_185
t_186
t_187
t_188
t_189
t_190
t_191
t_192
t_193
t_194
t_195
t_196
t_197
t_198
t_199
t_200
t_201
t_202
t_203
t_204
t_205
t_206
t_207
t_208
t_209
t_210
t_211
t_212
t_213
t_214
t_215
t_216
t_217
t_218
t_219
t_220
t_221
t_222
t_223
t_224
t_225
t_226
t_227
t_228
t_229
t_230
t_231
t_232
t_233
t_234
t_235
t_236
t_237
t_238
t_239
t_240
t_241
t_242
t_243
t_244
t_245
t_246
t_247
t_248
t_249
t_250
t_251
t_252
t_253
t_254
t_255
t_256
t_257
t_258
t_259
t_260
t_261
t_262
t_263
t_264
t_265
t_266
t_267
t_268
t_269
t_270
t_271
t_272
t_273
t_274
t_275
t_276
t_277
t_278
t_279
t_280
t_281
t_282
t_283
t_284
t_285
t_286
t_287
t_288
t_289
t_290
t_291
t_292
t_293
t_294
t_295
t_296
t_297
t_298
t_299
t_300
t_301
t_302
t_303
t_304
t_305
t_306
t_307
t_308
t_309
t_310
t_311
t_312
t_313
t_314
t_315
t_316
t_317
t_318
t_319
t_320
t_321
t_322
t_323
t_324
t_325
t_326
t_327
t_328
t_329
t_330
t_331
t_332
t_333
t_334
t_335
t_336
t_337
t_338
t_339
t_340
t_341
t_342
t_343
t_344
t_345
t_346
t_347
t_348
t_349
t_350
t_351
t_352
t_353
t_354
t_355
t_356
t_357
t_358
t_359
t_360
t_361
t_362
t_363
t_364
t_365
t_366
t_367
t_368
t_369
t_370
t_371
t_372
t_373
t_374
t_375
t_376
t_377
t_378
t_379
t_380
t_381
t_382
t_383
t_384
t_385
t_386
t_387
t_388
t_389
t_390
t_391
t_392
t_393
t_394
t_395
t_396
t_397
t_398
t_399
t_400
t_401
t_402
t_403
t_404
t_405
t_406
t_407
t_408
t_409
t_410
t_411
t_412
t_413
t_414
t_415
t_416
t_417
t_418
t_419
t_420
t_421
t_422
t_423
t_424
t_425
t_426
t_427
t_428
t_429
t_430
t_431
t_432
t_433
t_434
t_435
t_436
t_437
t_438
t_439
t_440
t_441
t_442
t_443
t_444
t_445
t_446
t_447
t_448
t_449
t_450
t_451
t_452
t_453
t_454
t_455
t_456
t_457
t_458
t_459
t_460
t_461
t_462
t_463
t_464
t_465
t_466
t_467
t_468
t_469
t_470
t_471
t_472
t_473
t_474
t_475
t_476
t_477
t_478
t_479
t_480
t_481
t_482
t_483
t_484
t_485
t_486
t_487
t_488
t_489
t_490
t_491
t_492
t_493
t_494
t_495
t_496
t_497
t_498
t_499
